[
    {
        "image": "/images/icon/icon-1.png",
        "title": "Design",
        "description": "Simply drag and drop photos and videos into your workspace to automatically add them to your Collab Cloud library.",
        "process": {
            "sectionSub": "Process",
            "sectionTitle": "Our logo design process",
            "para":"Our comprehensive logo design strategy ensures a perfectly crafted logo for your business.",
            "steps": [
                {
                    "thumb": "/images/others/process-1.png",
                    "subtitle": "Step One",
                    "title": "Discover",
                    "paragraph": "Donec metus lorem, vulputate at sapien sit amet, auctor iaculis lorem. In vel hendrerit nisi. Vestibulum eget risus velit. Aliquam tristique libero at dui sodales, et placerat orci lobortis. Maecenas ipsum neque, elementum id dignissim et, imperdiet vitae mauris."
                },
                {
                    "thumb": "/images/others/process-2.png",
                    "subtitle": "Step Two",
                    "title": "Prototype",
                    "paragraph": "Donec metus lorem, vulputate at sapien sit amet, auctor iaculis lorem. In vel hendrerit nisi. Vestibulum eget risus velit. Aliquam tristique libero at dui sodales, et placerat orci lobortis. Maecenas ipsum neque, elementum id dignissim et, imperdiet vitae mauris."
                },
                {
                    "thumb": "/images/others/process-3.png",
                    "subtitle": "Step Three",
                    "title": "Test",
                    "paragraph": "Donec metus lorem, vulputate at sapien sit amet, auctor iaculis lorem. In vel hendrerit nisi. Vestibulum eget risus velit. Aliquam tristique libero at dui sodales, et placerat orci lobortis. Maecenas ipsum neque, elementum id dignissim et, imperdiet vitae mauris."
                },
                {
                    "id": 4,
                    "thumb": "/images/others/process-4.png",
                    "subtitle": "Step four",
                    "title": "Build",
                    "paragraph": "Donec metus lorem, vulputate at sapien sit amet, auctor iaculis lorem. In vel hendrerit nisi. Vestibulum eget risus velit. Aliquam tristique libero at dui sodales, et placerat orci lobortis. Maecenas ipsum neque, elementum id dignissim et, imperdiet vitae mauris."
                }
            ]
        }
    },
    {
        "image": "/images/icon/icon-2.png",
        "title": "Development",
        "description": "Simply drag and drop photos and videos into your workspace to automatically add them to your Collab Cloud library.",
        "process": {
            "sectionSub": "Process",
            "sectionTitle": "Our logo design process",
            "para":"Our comprehensive logo design strategy ensures a perfectly crafted logo for your business.",
            "steps": [
                {
                    "thumb": "/images/others/process-1.png",
                    "subtitle": "Step One",
                    "title": "Discover",
                    "paragraph": "Donec metus lorem, vulputate at sapien sit amet, auctor iaculis lorem. In vel hendrerit nisi. Vestibulum eget risus velit. Aliquam tristique libero at dui sodales, et placerat orci lobortis. Maecenas ipsum neque, elementum id dignissim et, imperdiet vitae mauris."
                },
                {
                    "thumb": "/images/others/process-2.png",
                    "subtitle": "Step Two",
                    "title": "Prototype",
                    "paragraph": "Donec metus lorem, vulputate at sapien sit amet, auctor iaculis lorem. In vel hendrerit nisi. Vestibulum eget risus velit. Aliquam tristique libero at dui sodales, et placerat orci lobortis. Maecenas ipsum neque, elementum id dignissim et, imperdiet vitae mauris."
                },
                {
                    "thumb": "/images/others/process-3.png",
                    "subtitle": "Step Three",
                    "title": "Test",
                    "paragraph": "Donec metus lorem, vulputate at sapien sit amet, auctor iaculis lorem. In vel hendrerit nisi. Vestibulum eget risus velit. Aliquam tristique libero at dui sodales, et placerat orci lobortis. Maecenas ipsum neque, elementum id dignissim et, imperdiet vitae mauris."
                },
                {
                    "id": 4,
                    "thumb": "/images/others/process-4.png",
                    "subtitle": "Step four",
                    "title": "Build",
                    "paragraph": "Donec metus lorem, vulputate at sapien sit amet, auctor iaculis lorem. In vel hendrerit nisi. Vestibulum eget risus velit. Aliquam tristique libero at dui sodales, et placerat orci lobortis. Maecenas ipsum neque, elementum id dignissim et, imperdiet vitae mauris."
                }
            ]
        }
    },
    {
        "image": "/images/icon/icon-3.png",
        "title": "Online marketing",
        "description": "Simply drag and drop photos and videos into your workspace to automatically add them to your Collab Cloud library.",
        "process": {
            "sectionSub": "Process",
            "sectionTitle": "Our logo design process",
            "para":"Our comprehensive logo design strategy ensures a perfectly crafted logo for your business.",
            "steps": [
                {
                    "thumb": "/images/others/process-1.png",
                    "subtitle": "Step One",
                    "title": "Discover",
                    "paragraph": "Donec metus lorem, vulputate at sapien sit amet, auctor iaculis lorem. In vel hendrerit nisi. Vestibulum eget risus velit. Aliquam tristique libero at dui sodales, et placerat orci lobortis. Maecenas ipsum neque, elementum id dignissim et, imperdiet vitae mauris."
                },
                {
                    "thumb": "/images/others/process-2.png",
                    "subtitle": "Step Two",
                    "title": "Prototype",
                    "paragraph": "Donec metus lorem, vulputate at sapien sit amet, auctor iaculis lorem. In vel hendrerit nisi. Vestibulum eget risus velit. Aliquam tristique libero at dui sodales, et placerat orci lobortis. Maecenas ipsum neque, elementum id dignissim et, imperdiet vitae mauris."
                },
                {
                    "thumb": "/images/others/process-3.png",
                    "subtitle": "Step Three",
                    "title": "Test",
                    "paragraph": "Donec metus lorem, vulputate at sapien sit amet, auctor iaculis lorem. In vel hendrerit nisi. Vestibulum eget risus velit. Aliquam tristique libero at dui sodales, et placerat orci lobortis. Maecenas ipsum neque, elementum id dignissim et, imperdiet vitae mauris."
                },
                {
                    "id": 4,
                    "thumb": "/images/others/process-4.png",
                    "subtitle": "Step four",
                    "title": "Build",
                    "paragraph": "Donec metus lorem, vulputate at sapien sit amet, auctor iaculis lorem. In vel hendrerit nisi. Vestibulum eget risus velit. Aliquam tristique libero at dui sodales, et placerat orci lobortis. Maecenas ipsum neque, elementum id dignissim et, imperdiet vitae mauris."
                }
            ]
        }
    },
    {
        "image": "/images/icon/icon-4.png",
        "title": "Business",
        "description": "Simply drag and drop photos and videos into your workspace to automatically add them to your Collab Cloud library.",
        "process": {
            "sectionSub": "Process",
            "sectionTitle": "Our logo design process",
            "para":"Our comprehensive logo design strategy ensures a perfectly crafted logo for your business.",
            "steps": [
                {
                    "thumb": "/images/others/process-1.png",
                    "subtitle": "Step One",
                    "title": "Discover",
                    "paragraph": "Donec metus lorem, vulputate at sapien sit amet, auctor iaculis lorem. In vel hendrerit nisi. Vestibulum eget risus velit. Aliquam tristique libero at dui sodales, et placerat orci lobortis. Maecenas ipsum neque, elementum id dignissim et, imperdiet vitae mauris."
                },
                {
                    "thumb": "/images/others/process-2.png",
                    "subtitle": "Step Two",
                    "title": "Prototype",
                    "paragraph": "Donec metus lorem, vulputate at sapien sit amet, auctor iaculis lorem. In vel hendrerit nisi. Vestibulum eget risus velit. Aliquam tristique libero at dui sodales, et placerat orci lobortis. Maecenas ipsum neque, elementum id dignissim et, imperdiet vitae mauris."
                },
                {
                    "thumb": "/images/others/process-3.png",
                    "subtitle": "Step Three",
                    "title": "Test",
                    "paragraph": "Donec metus lorem, vulputate at sapien sit amet, auctor iaculis lorem. In vel hendrerit nisi. Vestibulum eget risus velit. Aliquam tristique libero at dui sodales, et placerat orci lobortis. Maecenas ipsum neque, elementum id dignissim et, imperdiet vitae mauris."
                },
                {
                    "id": 4,
                    "thumb": "/images/others/process-4.png",
                    "subtitle": "Step four",
                    "title": "Build",
                    "paragraph": "Donec metus lorem, vulputate at sapien sit amet, auctor iaculis lorem. In vel hendrerit nisi. Vestibulum eget risus velit. Aliquam tristique libero at dui sodales, et placerat orci lobortis. Maecenas ipsum neque, elementum id dignissim et, imperdiet vitae mauris."
                }
            ]
        }
    },
    {
        "image": "/images/icon/icon-5.png",
        "title": "Technology",
        "description": "Simply drag and drop photos and videos into your workspace to automatically add them to your Collab Cloud library.",
        "process": {
            "sectionSub": "Process",
            "sectionTitle": "Our logo design process",
            "para":"Our comprehensive logo design strategy ensures a perfectly crafted logo for your business.",
            "steps": [
                {
                    "thumb": "/images/others/process-1.png",
                    "subtitle": "Step One",
                    "title": "Discover",
                    "paragraph": "Donec metus lorem, vulputate at sapien sit amet, auctor iaculis lorem. In vel hendrerit nisi. Vestibulum eget risus velit. Aliquam tristique libero at dui sodales, et placerat orci lobortis. Maecenas ipsum neque, elementum id dignissim et, imperdiet vitae mauris."
                },
                {
                    "thumb": "/images/others/process-2.png",
                    "subtitle": "Step Two",
                    "title": "Prototype",
                    "paragraph": "Donec metus lorem, vulputate at sapien sit amet, auctor iaculis lorem. In vel hendrerit nisi. Vestibulum eget risus velit. Aliquam tristique libero at dui sodales, et placerat orci lobortis. Maecenas ipsum neque, elementum id dignissim et, imperdiet vitae mauris."
                },
                {
                    "thumb": "/images/others/process-3.png",
                    "subtitle": "Step Three",
                    "title": "Test",
                    "paragraph": "Donec metus lorem, vulputate at sapien sit amet, auctor iaculis lorem. In vel hendrerit nisi. Vestibulum eget risus velit. Aliquam tristique libero at dui sodales, et placerat orci lobortis. Maecenas ipsum neque, elementum id dignissim et, imperdiet vitae mauris."
                },
                {
                    "id": 4,
                    "thumb": "/images/others/process-4.png",
                    "subtitle": "Step four",
                    "title": "Build",
                    "paragraph": "Donec metus lorem, vulputate at sapien sit amet, auctor iaculis lorem. In vel hendrerit nisi. Vestibulum eget risus velit. Aliquam tristique libero at dui sodales, et placerat orci lobortis. Maecenas ipsum neque, elementum id dignissim et, imperdiet vitae mauris."
                }
            ]
        }
    },
    {
        "image": "/images/icon/icon-6.png",
        "title": "Content strategy",
        "description": "Simply drag and drop photos and videos into your workspace to automatically add them to your Collab Cloud library.",
        "process": {
            "sectionSub": "Process",
            "sectionTitle": "Our logo design process",
            "para":"Our comprehensive logo design strategy ensures a perfectly crafted logo for your business.",
            "steps": [
                {
                    "thumb": "/images/others/process-1.png",
                    "subtitle": "Step One",
                    "title": "Discover",
                    "paragraph": "Donec metus lorem, vulputate at sapien sit amet, auctor iaculis lorem. In vel hendrerit nisi. Vestibulum eget risus velit. Aliquam tristique libero at dui sodales, et placerat orci lobortis. Maecenas ipsum neque, elementum id dignissim et, imperdiet vitae mauris."
                },
                {
                    "thumb": "/images/others/process-2.png",
                    "subtitle": "Step Two",
                    "title": "Prototype",
                    "paragraph": "Donec metus lorem, vulputate at sapien sit amet, auctor iaculis lorem. In vel hendrerit nisi. Vestibulum eget risus velit. Aliquam tristique libero at dui sodales, et placerat orci lobortis. Maecenas ipsum neque, elementum id dignissim et, imperdiet vitae mauris."
                },
                {
                    "thumb": "/images/others/process-3.png",
                    "subtitle": "Step Three",
                    "title": "Test",
                    "paragraph": "Donec metus lorem, vulputate at sapien sit amet, auctor iaculis lorem. In vel hendrerit nisi. Vestibulum eget risus velit. Aliquam tristique libero at dui sodales, et placerat orci lobortis. Maecenas ipsum neque, elementum id dignissim et, imperdiet vitae mauris."
                },
                {
                    "id": 4,
                    "thumb": "/images/others/process-4.png",
                    "subtitle": "Step four",
                    "title": "Build",
                    "paragraph": "Donec metus lorem, vulputate at sapien sit amet, auctor iaculis lorem. In vel hendrerit nisi. Vestibulum eget risus velit. Aliquam tristique libero at dui sodales, et placerat orci lobortis. Maecenas ipsum neque, elementum id dignissim et, imperdiet vitae mauris."
                }
            ]
        }
    },

    {
        "image": "/images/icon/icon-29.png",
        "title": "Logo & Branding",
        "description": "We design professional looking yet simple Logo. Our designs are search engine and user friendly.",
        "cate": "Design",
        "process": {
            "sectionSub": "Process",
            "sectionTitle": "Logo & Branding design process",
            "para":"Our comprehensive logo design strategy ensures a perfectly crafted logo for your business.",
            "steps": [
                {
                    "thumb": "/images/others/process-1.png",
                    "subtitle": "Step One",
                    "title": "Discover",
                    "paragraph": "Donec metus lorem, vulputate at sapien sit amet, auctor iaculis lorem. In vel hendrerit nisi. Vestibulum eget risus velit. Aliquam tristique libero at dui sodales, et placerat orci lobortis. Maecenas ipsum neque, elementum id dignissim et, imperdiet vitae mauris."
                },
                {
                    "thumb": "/images/others/process-2.png",
                    "subtitle": "Step Two",
                    "title": "Prototype",
                    "paragraph": "Donec metus lorem, vulputate at sapien sit amet, auctor iaculis lorem. In vel hendrerit nisi. Vestibulum eget risus velit. Aliquam tristique libero at dui sodales, et placerat orci lobortis. Maecenas ipsum neque, elementum id dignissim et, imperdiet vitae mauris."
                },
                {
                    "thumb": "/images/others/process-3.png",
                    "subtitle": "Step Three",
                    "title": "Test",
                    "paragraph": "Donec metus lorem, vulputate at sapien sit amet, auctor iaculis lorem. In vel hendrerit nisi. Vestibulum eget risus velit. Aliquam tristique libero at dui sodales, et placerat orci lobortis. Maecenas ipsum neque, elementum id dignissim et, imperdiet vitae mauris."
                },
                {
                    "id": 4,
                    "thumb": "/images/others/process-4.png",
                    "subtitle": "Step four",
                    "title": "Build",
                    "paragraph": "Donec metus lorem, vulputate at sapien sit amet, auctor iaculis lorem. In vel hendrerit nisi. Vestibulum eget risus velit. Aliquam tristique libero at dui sodales, et placerat orci lobortis. Maecenas ipsum neque, elementum id dignissim et, imperdiet vitae mauris."
                }
            ]
        }
    },
    {
        "image": "/images/icon/icon-27.png",
        "title": "Website Design",
        "description": "We design professional looking yet simple Logo. Our designs are search engine and user friendly.",
        "cate": "Design",
        "process": {
            "sectionSub": "Process",
            "sectionTitle": "Our logo design process",
            "para":"Our comprehensive logo design strategy ensures a perfectly crafted logo for your business.",
            "steps": [
                {
                    "thumb": "/images/others/process-1.png",
                    "subtitle": "Step One",
                    "title": "Discover",
                    "paragraph": "Donec metus lorem, vulputate at sapien sit amet, auctor iaculis lorem. In vel hendrerit nisi. Vestibulum eget risus velit. Aliquam tristique libero at dui sodales, et placerat orci lobortis. Maecenas ipsum neque, elementum id dignissim et, imperdiet vitae mauris."
                },
                {
                    "thumb": "/images/others/process-2.png",
                    "subtitle": "Step Two",
                    "title": "Prototype",
                    "paragraph": "Donec metus lorem, vulputate at sapien sit amet, auctor iaculis lorem. In vel hendrerit nisi. Vestibulum eget risus velit. Aliquam tristique libero at dui sodales, et placerat orci lobortis. Maecenas ipsum neque, elementum id dignissim et, imperdiet vitae mauris."
                },
                {
                    "thumb": "/images/others/process-3.png",
                    "subtitle": "Step Three",
                    "title": "Test",
                    "paragraph": "Donec metus lorem, vulputate at sapien sit amet, auctor iaculis lorem. In vel hendrerit nisi. Vestibulum eget risus velit. Aliquam tristique libero at dui sodales, et placerat orci lobortis. Maecenas ipsum neque, elementum id dignissim et, imperdiet vitae mauris."
                },
                {
                    "id": 4,
                    "thumb": "/images/others/process-4.png",
                    "subtitle": "Step four",
                    "title": "Build",
                    "paragraph": "Donec metus lorem, vulputate at sapien sit amet, auctor iaculis lorem. In vel hendrerit nisi. Vestibulum eget risus velit. Aliquam tristique libero at dui sodales, et placerat orci lobortis. Maecenas ipsum neque, elementum id dignissim et, imperdiet vitae mauris."
                }
            ]
        }
    },
    {
        "image": "/images/icon/icon-28.png",
        "title": "Mobile app design",
        "description": "We design professional looking yet simple Logo. Our designs are search engine and user friendly.",
        "cate": "Design",
        "process": {
            "sectionSub": "Process",
            "sectionTitle": "Our logo design process",
            "para":"Our comprehensive logo design strategy ensures a perfectly crafted logo for your business.",
            "steps": [
                {
                    "thumb": "/images/others/process-1.png",
                    "subtitle": "Step One",
                    "title": "Discover",
                    "paragraph": "Donec metus lorem, vulputate at sapien sit amet, auctor iaculis lorem. In vel hendrerit nisi. Vestibulum eget risus velit. Aliquam tristique libero at dui sodales, et placerat orci lobortis. Maecenas ipsum neque, elementum id dignissim et, imperdiet vitae mauris."
                },
                {
                    "thumb": "/images/others/process-2.png",
                    "subtitle": "Step Two",
                    "title": "Prototype",
                    "paragraph": "Donec metus lorem, vulputate at sapien sit amet, auctor iaculis lorem. In vel hendrerit nisi. Vestibulum eget risus velit. Aliquam tristique libero at dui sodales, et placerat orci lobortis. Maecenas ipsum neque, elementum id dignissim et, imperdiet vitae mauris."
                },
                {
                    "thumb": "/images/others/process-3.png",
                    "subtitle": "Step Three",
                    "title": "Test",
                    "paragraph": "Donec metus lorem, vulputate at sapien sit amet, auctor iaculis lorem. In vel hendrerit nisi. Vestibulum eget risus velit. Aliquam tristique libero at dui sodales, et placerat orci lobortis. Maecenas ipsum neque, elementum id dignissim et, imperdiet vitae mauris."
                },
                {
                    "id": 4,
                    "thumb": "/images/others/process-4.png",
                    "subtitle": "Step four",
                    "title": "Build",
                    "paragraph": "Donec metus lorem, vulputate at sapien sit amet, auctor iaculis lorem. In vel hendrerit nisi. Vestibulum eget risus velit. Aliquam tristique libero at dui sodales, et placerat orci lobortis. Maecenas ipsum neque, elementum id dignissim et, imperdiet vitae mauris."
                }
            ]
        }
    },
    {
        "image": "/images/icon/icon-4.png",
        "title": "Graphic/print design",
        "description": "We design professional looking yet simple Logo. Our designs are search engine and user friendly.",
        "cate": "Design",
        "process": {
            "sectionSub": "Process",
            "sectionTitle": "Our logo design process",
            "para":"Our comprehensive logo design strategy ensures a perfectly crafted logo for your business.",
            "steps": [
                {
                    "thumb": "/images/others/process-1.png",
                    "subtitle": "Step One",
                    "title": "Discover",
                    "paragraph": "Donec metus lorem, vulputate at sapien sit amet, auctor iaculis lorem. In vel hendrerit nisi. Vestibulum eget risus velit. Aliquam tristique libero at dui sodales, et placerat orci lobortis. Maecenas ipsum neque, elementum id dignissim et, imperdiet vitae mauris."
                },
                {
                    "thumb": "/images/others/process-2.png",
                    "subtitle": "Step Two",
                    "title": "Prototype",
                    "paragraph": "Donec metus lorem, vulputate at sapien sit amet, auctor iaculis lorem. In vel hendrerit nisi. Vestibulum eget risus velit. Aliquam tristique libero at dui sodales, et placerat orci lobortis. Maecenas ipsum neque, elementum id dignissim et, imperdiet vitae mauris."
                },
                {
                    "thumb": "/images/others/process-3.png",
                    "subtitle": "Step Three",
                    "title": "Test",
                    "paragraph": "Donec metus lorem, vulputate at sapien sit amet, auctor iaculis lorem. In vel hendrerit nisi. Vestibulum eget risus velit. Aliquam tristique libero at dui sodales, et placerat orci lobortis. Maecenas ipsum neque, elementum id dignissim et, imperdiet vitae mauris."
                },
                {
                    "id": 4,
                    "thumb": "/images/others/process-4.png",
                    "subtitle": "Step four",
                    "title": "Build",
                    "paragraph": "Donec metus lorem, vulputate at sapien sit amet, auctor iaculis lorem. In vel hendrerit nisi. Vestibulum eget risus velit. Aliquam tristique libero at dui sodales, et placerat orci lobortis. Maecenas ipsum neque, elementum id dignissim et, imperdiet vitae mauris."
                }
            ]
        }
    },
    {
        "image": "/images/icon/icon-30.png",
        "title": "Video production",
        "description": "We design professional looking yet simple Logo. Our designs are search engine and user friendly.",
        "cate": "Design",
        "process": {
            "sectionSub": "Process",
            "sectionTitle": "Our logo design process",
            "para":"Our comprehensive logo design strategy ensures a perfectly crafted logo for your business.",
            "steps": [
                {
                    "thumb": "/images/others/process-1.png",
                    "subtitle": "Step One",
                    "title": "Discover",
                    "paragraph": "Donec metus lorem, vulputate at sapien sit amet, auctor iaculis lorem. In vel hendrerit nisi. Vestibulum eget risus velit. Aliquam tristique libero at dui sodales, et placerat orci lobortis. Maecenas ipsum neque, elementum id dignissim et, imperdiet vitae mauris."
                },
                {
                    "thumb": "/images/others/process-2.png",
                    "subtitle": "Step Two",
                    "title": "Prototype",
                    "paragraph": "Donec metus lorem, vulputate at sapien sit amet, auctor iaculis lorem. In vel hendrerit nisi. Vestibulum eget risus velit. Aliquam tristique libero at dui sodales, et placerat orci lobortis. Maecenas ipsum neque, elementum id dignissim et, imperdiet vitae mauris."
                },
                {
                    "thumb": "/images/others/process-3.png",
                    "subtitle": "Step Three",
                    "title": "Test",
                    "paragraph": "Donec metus lorem, vulputate at sapien sit amet, auctor iaculis lorem. In vel hendrerit nisi. Vestibulum eget risus velit. Aliquam tristique libero at dui sodales, et placerat orci lobortis. Maecenas ipsum neque, elementum id dignissim et, imperdiet vitae mauris."
                },
                {
                    "id": 4,
                    "thumb": "/images/others/process-4.png",
                    "subtitle": "Step four",
                    "title": "Build",
                    "paragraph": "Donec metus lorem, vulputate at sapien sit amet, auctor iaculis lorem. In vel hendrerit nisi. Vestibulum eget risus velit. Aliquam tristique libero at dui sodales, et placerat orci lobortis. Maecenas ipsum neque, elementum id dignissim et, imperdiet vitae mauris."
                }
            ]
        }
    },

    {
        "image": "/images/icon/icon-31.png",
        "title": "Content Managment",
        "description": "We design professional looking yet simple Logo. Our designs are search engine and user friendly.",
        "cate": "Development",
        "process": {
            "sectionSub": "Process",
            "sectionTitle": "Our logo design process",
            "para":"Our comprehensive logo design strategy ensures a perfectly crafted logo for your business.",
            "steps": [
                {
                    "thumb": "/images/others/process-1.png",
                    "subtitle": "Step One",
                    "title": "Discover",
                    "paragraph": "Donec metus lorem, vulputate at sapien sit amet, auctor iaculis lorem. In vel hendrerit nisi. Vestibulum eget risus velit. Aliquam tristique libero at dui sodales, et placerat orci lobortis. Maecenas ipsum neque, elementum id dignissim et, imperdiet vitae mauris."
                },
                {
                    "thumb": "/images/others/process-2.png",
                    "subtitle": "Step Two",
                    "title": "Prototype",
                    "paragraph": "Donec metus lorem, vulputate at sapien sit amet, auctor iaculis lorem. In vel hendrerit nisi. Vestibulum eget risus velit. Aliquam tristique libero at dui sodales, et placerat orci lobortis. Maecenas ipsum neque, elementum id dignissim et, imperdiet vitae mauris."
                },
                {
                    "thumb": "/images/others/process-3.png",
                    "subtitle": "Step Three",
                    "title": "Test",
                    "paragraph": "Donec metus lorem, vulputate at sapien sit amet, auctor iaculis lorem. In vel hendrerit nisi. Vestibulum eget risus velit. Aliquam tristique libero at dui sodales, et placerat orci lobortis. Maecenas ipsum neque, elementum id dignissim et, imperdiet vitae mauris."
                },
                {
                    "id": 4,
                    "thumb": "/images/others/process-4.png",
                    "subtitle": "Step four",
                    "title": "Build",
                    "paragraph": "Donec metus lorem, vulputate at sapien sit amet, auctor iaculis lorem. In vel hendrerit nisi. Vestibulum eget risus velit. Aliquam tristique libero at dui sodales, et placerat orci lobortis. Maecenas ipsum neque, elementum id dignissim et, imperdiet vitae mauris."
                }
            ]
        }
    },
    {
        "image": "/images/icon/icon-32.png",
        "title": "Mobile app development",
        "description": "We design professional looking yet simple Logo. Our designs are search engine and user friendly.",
        "cate": "Development",
        "process": {
            "sectionSub": "Process",
            "sectionTitle": "Our logo design process",
            "para":"Our comprehensive logo design strategy ensures a perfectly crafted logo for your business.",
            "steps": [
                {
                    "thumb": "/images/others/process-1.png",
                    "subtitle": "Step One",
                    "title": "Discover",
                    "paragraph": "Donec metus lorem, vulputate at sapien sit amet, auctor iaculis lorem. In vel hendrerit nisi. Vestibulum eget risus velit. Aliquam tristique libero at dui sodales, et placerat orci lobortis. Maecenas ipsum neque, elementum id dignissim et, imperdiet vitae mauris."
                },
                {
                    "thumb": "/images/others/process-2.png",
                    "subtitle": "Step Two",
                    "title": "Prototype",
                    "paragraph": "Donec metus lorem, vulputate at sapien sit amet, auctor iaculis lorem. In vel hendrerit nisi. Vestibulum eget risus velit. Aliquam tristique libero at dui sodales, et placerat orci lobortis. Maecenas ipsum neque, elementum id dignissim et, imperdiet vitae mauris."
                },
                {
                    "thumb": "/images/others/process-3.png",
                    "subtitle": "Step Three",
                    "title": "Test",
                    "paragraph": "Donec metus lorem, vulputate at sapien sit amet, auctor iaculis lorem. In vel hendrerit nisi. Vestibulum eget risus velit. Aliquam tristique libero at dui sodales, et placerat orci lobortis. Maecenas ipsum neque, elementum id dignissim et, imperdiet vitae mauris."
                },
                {
                    "id": 4,
                    "thumb": "/images/others/process-4.png",
                    "subtitle": "Step four",
                    "title": "Build",
                    "paragraph": "Donec metus lorem, vulputate at sapien sit amet, auctor iaculis lorem. In vel hendrerit nisi. Vestibulum eget risus velit. Aliquam tristique libero at dui sodales, et placerat orci lobortis. Maecenas ipsum neque, elementum id dignissim et, imperdiet vitae mauris."
                }
            ]
        }
    },
    {
        "image": "/images/icon/icon-33.png",
        "title": "eCommerce",
        "description": "We design professional looking yet simple Logo. Our designs are search engine and user friendly.",
        "cate": "Development",
        "process": {
            "sectionSub": "Process",
            "sectionTitle": "Our logo design process",
            "para":"Our comprehensive logo design strategy ensures a perfectly crafted logo for your business.",
            "steps": [
                {
                    "thumb": "/images/others/process-1.png",
                    "subtitle": "Step One",
                    "title": "Discover",
                    "paragraph": "Donec metus lorem, vulputate at sapien sit amet, auctor iaculis lorem. In vel hendrerit nisi. Vestibulum eget risus velit. Aliquam tristique libero at dui sodales, et placerat orci lobortis. Maecenas ipsum neque, elementum id dignissim et, imperdiet vitae mauris."
                },
                {
                    "thumb": "/images/others/process-2.png",
                    "subtitle": "Step Two",
                    "title": "Prototype",
                    "paragraph": "Donec metus lorem, vulputate at sapien sit amet, auctor iaculis lorem. In vel hendrerit nisi. Vestibulum eget risus velit. Aliquam tristique libero at dui sodales, et placerat orci lobortis. Maecenas ipsum neque, elementum id dignissim et, imperdiet vitae mauris."
                },
                {
                    "thumb": "/images/others/process-3.png",
                    "subtitle": "Step Three",
                    "title": "Test",
                    "paragraph": "Donec metus lorem, vulputate at sapien sit amet, auctor iaculis lorem. In vel hendrerit nisi. Vestibulum eget risus velit. Aliquam tristique libero at dui sodales, et placerat orci lobortis. Maecenas ipsum neque, elementum id dignissim et, imperdiet vitae mauris."
                },
                {
                    "id": 4,
                    "thumb": "/images/others/process-4.png",
                    "subtitle": "Step four",
                    "title": "Build",
                    "paragraph": "Donec metus lorem, vulputate at sapien sit amet, auctor iaculis lorem. In vel hendrerit nisi. Vestibulum eget risus velit. Aliquam tristique libero at dui sodales, et placerat orci lobortis. Maecenas ipsum neque, elementum id dignissim et, imperdiet vitae mauris."
                }
            ]
        }
    },
    {
        "image": "/images/icon/icon-34.png",
        "title": "SEO",
        "description": "We design professional looking yet simple Logo. Our designs are search engine and user friendly.",
        "cate": "Online Marketing",
        "process": {
            "sectionSub": "Process",
            "sectionTitle": "Our logo design process",
            "para":"Our comprehensive logo design strategy ensures a perfectly crafted logo for your business.",
            "steps": [
                {
                    "thumb": "/images/others/process-1.png",
                    "subtitle": "Step One",
                    "title": "Discover",
                    "paragraph": "Donec metus lorem, vulputate at sapien sit amet, auctor iaculis lorem. In vel hendrerit nisi. Vestibulum eget risus velit. Aliquam tristique libero at dui sodales, et placerat orci lobortis. Maecenas ipsum neque, elementum id dignissim et, imperdiet vitae mauris."
                },
                {
                    "thumb": "/images/others/process-2.png",
                    "subtitle": "Step Two",
                    "title": "Prototype",
                    "paragraph": "Donec metus lorem, vulputate at sapien sit amet, auctor iaculis lorem. In vel hendrerit nisi. Vestibulum eget risus velit. Aliquam tristique libero at dui sodales, et placerat orci lobortis. Maecenas ipsum neque, elementum id dignissim et, imperdiet vitae mauris."
                },
                {
                    "thumb": "/images/others/process-3.png",
                    "subtitle": "Step Three",
                    "title": "Test",
                    "paragraph": "Donec metus lorem, vulputate at sapien sit amet, auctor iaculis lorem. In vel hendrerit nisi. Vestibulum eget risus velit. Aliquam tristique libero at dui sodales, et placerat orci lobortis. Maecenas ipsum neque, elementum id dignissim et, imperdiet vitae mauris."
                },
                {
                    "id": 4,
                    "thumb": "/images/others/process-4.png",
                    "subtitle": "Step four",
                    "title": "Build",
                    "paragraph": "Donec metus lorem, vulputate at sapien sit amet, auctor iaculis lorem. In vel hendrerit nisi. Vestibulum eget risus velit. Aliquam tristique libero at dui sodales, et placerat orci lobortis. Maecenas ipsum neque, elementum id dignissim et, imperdiet vitae mauris."
                }
            ]
        }
    },
    {
        "image": "/images/icon/icon-35.png",
        "title": "Pay-per click",
        "description": "We design professional looking yet simple Logo. Our designs are search engine and user friendly.",
        "cate": "Online Marketing",
        "process": {
            "sectionSub": "Process",
            "sectionTitle": "Our logo design process",
            "para":"Our comprehensive logo design strategy ensures a perfectly crafted logo for your business.",
            "steps": [
                {
                    "thumb": "/images/others/process-1.png",
                    "subtitle": "Step One",
                    "title": "Discover",
                    "paragraph": "Donec metus lorem, vulputate at sapien sit amet, auctor iaculis lorem. In vel hendrerit nisi. Vestibulum eget risus velit. Aliquam tristique libero at dui sodales, et placerat orci lobortis. Maecenas ipsum neque, elementum id dignissim et, imperdiet vitae mauris."
                },
                {
                    "thumb": "/images/others/process-2.png",
                    "subtitle": "Step Two",
                    "title": "Prototype",
                    "paragraph": "Donec metus lorem, vulputate at sapien sit amet, auctor iaculis lorem. In vel hendrerit nisi. Vestibulum eget risus velit. Aliquam tristique libero at dui sodales, et placerat orci lobortis. Maecenas ipsum neque, elementum id dignissim et, imperdiet vitae mauris."
                },
                {
                    "thumb": "/images/others/process-3.png",
                    "subtitle": "Step Three",
                    "title": "Test",
                    "paragraph": "Donec metus lorem, vulputate at sapien sit amet, auctor iaculis lorem. In vel hendrerit nisi. Vestibulum eget risus velit. Aliquam tristique libero at dui sodales, et placerat orci lobortis. Maecenas ipsum neque, elementum id dignissim et, imperdiet vitae mauris."
                },
                {
                    "id": 4,
                    "thumb": "/images/others/process-4.png",
                    "subtitle": "Step four",
                    "title": "Build",
                    "paragraph": "Donec metus lorem, vulputate at sapien sit amet, auctor iaculis lorem. In vel hendrerit nisi. Vestibulum eget risus velit. Aliquam tristique libero at dui sodales, et placerat orci lobortis. Maecenas ipsum neque, elementum id dignissim et, imperdiet vitae mauris."
                }
            ]
        }
    },
    {
        "image": "/images/icon/icon-36.png",
        "title": "Email marketing",
        "description": "We design professional looking yet simple Logo. Our designs are search engine and user friendly.",
        "cate": "Online Marketing",
        "process": {
            "sectionSub": "Process",
            "sectionTitle": "Our logo design process",
            "para":"Our comprehensive logo design strategy ensures a perfectly crafted logo for your business.",
            "steps": [
                {
                    "thumb": "/images/others/process-1.png",
                    "subtitle": "Step One",
                    "title": "Discover",
                    "paragraph": "Donec metus lorem, vulputate at sapien sit amet, auctor iaculis lorem. In vel hendrerit nisi. Vestibulum eget risus velit. Aliquam tristique libero at dui sodales, et placerat orci lobortis. Maecenas ipsum neque, elementum id dignissim et, imperdiet vitae mauris."
                },
                {
                    "thumb": "/images/others/process-2.png",
                    "subtitle": "Step Two",
                    "title": "Prototype",
                    "paragraph": "Donec metus lorem, vulputate at sapien sit amet, auctor iaculis lorem. In vel hendrerit nisi. Vestibulum eget risus velit. Aliquam tristique libero at dui sodales, et placerat orci lobortis. Maecenas ipsum neque, elementum id dignissim et, imperdiet vitae mauris."
                },
                {
                    "thumb": "/images/others/process-3.png",
                    "subtitle": "Step Three",
                    "title": "Test",
                    "paragraph": "Donec metus lorem, vulputate at sapien sit amet, auctor iaculis lorem. In vel hendrerit nisi. Vestibulum eget risus velit. Aliquam tristique libero at dui sodales, et placerat orci lobortis. Maecenas ipsum neque, elementum id dignissim et, imperdiet vitae mauris."
                },
                {
                    "id": 4,
                    "thumb": "/images/others/process-4.png",
                    "subtitle": "Step four",
                    "title": "Build",
                    "paragraph": "Donec metus lorem, vulputate at sapien sit amet, auctor iaculis lorem. In vel hendrerit nisi. Vestibulum eget risus velit. Aliquam tristique libero at dui sodales, et placerat orci lobortis. Maecenas ipsum neque, elementum id dignissim et, imperdiet vitae mauris."
                }
            ]
        }
    },
    {
        "image": "/images/icon/icon-37.png",
        "title": "Display marketing",
        "description": "We design professional looking yet simple Logo. Our designs are search engine and user friendly.",
        "cate": "Online Marketing",
        "process": {
            "sectionSub": "Process",
            "sectionTitle": "Our logo design process",
            "para":"Our comprehensive logo design strategy ensures a perfectly crafted logo for your business.",
            "steps": [
                {
                    "thumb": "/images/others/process-1.png",
                    "subtitle": "Step One",
                    "title": "Discover",
                    "paragraph": "Donec metus lorem, vulputate at sapien sit amet, auctor iaculis lorem. In vel hendrerit nisi. Vestibulum eget risus velit. Aliquam tristique libero at dui sodales, et placerat orci lobortis. Maecenas ipsum neque, elementum id dignissim et, imperdiet vitae mauris."
                },
                {
                    "thumb": "/images/others/process-2.png",
                    "subtitle": "Step Two",
                    "title": "Prototype",
                    "paragraph": "Donec metus lorem, vulputate at sapien sit amet, auctor iaculis lorem. In vel hendrerit nisi. Vestibulum eget risus velit. Aliquam tristique libero at dui sodales, et placerat orci lobortis. Maecenas ipsum neque, elementum id dignissim et, imperdiet vitae mauris."
                },
                {
                    "thumb": "/images/others/process-3.png",
                    "subtitle": "Step Three",
                    "title": "Test",
                    "paragraph": "Donec metus lorem, vulputate at sapien sit amet, auctor iaculis lorem. In vel hendrerit nisi. Vestibulum eget risus velit. Aliquam tristique libero at dui sodales, et placerat orci lobortis. Maecenas ipsum neque, elementum id dignissim et, imperdiet vitae mauris."
                },
                {
                    "id": 4,
                    "thumb": "/images/others/process-4.png",
                    "subtitle": "Step four",
                    "title": "Build",
                    "paragraph": "Donec metus lorem, vulputate at sapien sit amet, auctor iaculis lorem. In vel hendrerit nisi. Vestibulum eget risus velit. Aliquam tristique libero at dui sodales, et placerat orci lobortis. Maecenas ipsum neque, elementum id dignissim et, imperdiet vitae mauris."
                }
            ]
        }
    },
    {
        "image": "/images/icon/icon-38.png",
        "title": "Social Media marketing",
        "description": "We design professional looking yet simple Logo. Our designs are search engine and user friendly.",
        "cate": "Online Marketing",
        "process": {
            "sectionSub": "Process",
            "sectionTitle": "Our logo design process",
            "para":"Our comprehensive logo design strategy ensures a perfectly crafted logo for your business.",
            "steps": [
                {
                    "thumb": "/images/others/process-1.png",
                    "subtitle": "Step One",
                    "title": "Discover",
                    "paragraph": "Donec metus lorem, vulputate at sapien sit amet, auctor iaculis lorem. In vel hendrerit nisi. Vestibulum eget risus velit. Aliquam tristique libero at dui sodales, et placerat orci lobortis. Maecenas ipsum neque, elementum id dignissim et, imperdiet vitae mauris."
                },
                {
                    "thumb": "/images/others/process-2.png",
                    "subtitle": "Step Two",
                    "title": "Prototype",
                    "paragraph": "Donec metus lorem, vulputate at sapien sit amet, auctor iaculis lorem. In vel hendrerit nisi. Vestibulum eget risus velit. Aliquam tristique libero at dui sodales, et placerat orci lobortis. Maecenas ipsum neque, elementum id dignissim et, imperdiet vitae mauris."
                },
                {
                    "thumb": "/images/others/process-3.png",
                    "subtitle": "Step Three",
                    "title": "Test",
                    "paragraph": "Donec metus lorem, vulputate at sapien sit amet, auctor iaculis lorem. In vel hendrerit nisi. Vestibulum eget risus velit. Aliquam tristique libero at dui sodales, et placerat orci lobortis. Maecenas ipsum neque, elementum id dignissim et, imperdiet vitae mauris."
                },
                {
                    "id": 4,
                    "thumb": "/images/others/process-4.png",
                    "subtitle": "Step four",
                    "title": "Build",
                    "paragraph": "Donec metus lorem, vulputate at sapien sit amet, auctor iaculis lorem. In vel hendrerit nisi. Vestibulum eget risus velit. Aliquam tristique libero at dui sodales, et placerat orci lobortis. Maecenas ipsum neque, elementum id dignissim et, imperdiet vitae mauris."
                }
            ]
        }
    },
    {
        "image": "/images/icon/icon-39.png",
        "title": "Digital strategy",
        "description": "We design professional looking yet simple Logo. Our designs are search engine and user friendly.",
        "cate": "Business",
        "process": {
            "sectionSub": "Process",
            "sectionTitle": "Our logo design process",
            "para":"Our comprehensive logo design strategy ensures a perfectly crafted logo for your business.",
            "steps": [
                {
                    "thumb": "/images/others/process-1.png",
                    "subtitle": "Step One",
                    "title": "Discover",
                    "paragraph": "Donec metus lorem, vulputate at sapien sit amet, auctor iaculis lorem. In vel hendrerit nisi. Vestibulum eget risus velit. Aliquam tristique libero at dui sodales, et placerat orci lobortis. Maecenas ipsum neque, elementum id dignissim et, imperdiet vitae mauris."
                },
                {
                    "thumb": "/images/others/process-2.png",
                    "subtitle": "Step Two",
                    "title": "Prototype",
                    "paragraph": "Donec metus lorem, vulputate at sapien sit amet, auctor iaculis lorem. In vel hendrerit nisi. Vestibulum eget risus velit. Aliquam tristique libero at dui sodales, et placerat orci lobortis. Maecenas ipsum neque, elementum id dignissim et, imperdiet vitae mauris."
                },
                {
                    "thumb": "/images/others/process-3.png",
                    "subtitle": "Step Three",
                    "title": "Test",
                    "paragraph": "Donec metus lorem, vulputate at sapien sit amet, auctor iaculis lorem. In vel hendrerit nisi. Vestibulum eget risus velit. Aliquam tristique libero at dui sodales, et placerat orci lobortis. Maecenas ipsum neque, elementum id dignissim et, imperdiet vitae mauris."
                },
                {
                    "id": 4,
                    "thumb": "/images/others/process-4.png",
                    "subtitle": "Step four",
                    "title": "Build",
                    "paragraph": "Donec metus lorem, vulputate at sapien sit amet, auctor iaculis lorem. In vel hendrerit nisi. Vestibulum eget risus velit. Aliquam tristique libero at dui sodales, et placerat orci lobortis. Maecenas ipsum neque, elementum id dignissim et, imperdiet vitae mauris."
                }
            ]
        }
    },
    {
        "image": "/images/icon/icon-40.png",
        "title": "Business consulting",
        "description": "We design professional looking yet simple Logo. Our designs are search engine and user friendly.",
        "cate": "Business",
        "process": {
            "sectionSub": "Process",
            "sectionTitle": "Our logo design process",
            "para":"Our comprehensive logo design strategy ensures a perfectly crafted logo for your business.",
            "steps": [
                {
                    "thumb": "/images/others/process-1.png",
                    "subtitle": "Step One",
                    "title": "Discover",
                    "paragraph": "Donec metus lorem, vulputate at sapien sit amet, auctor iaculis lorem. In vel hendrerit nisi. Vestibulum eget risus velit. Aliquam tristique libero at dui sodales, et placerat orci lobortis. Maecenas ipsum neque, elementum id dignissim et, imperdiet vitae mauris."
                },
                {
                    "thumb": "/images/others/process-2.png",
                    "subtitle": "Step Two",
                    "title": "Prototype",
                    "paragraph": "Donec metus lorem, vulputate at sapien sit amet, auctor iaculis lorem. In vel hendrerit nisi. Vestibulum eget risus velit. Aliquam tristique libero at dui sodales, et placerat orci lobortis. Maecenas ipsum neque, elementum id dignissim et, imperdiet vitae mauris."
                },
                {
                    "thumb": "/images/others/process-3.png",
                    "subtitle": "Step Three",
                    "title": "Test",
                    "paragraph": "Donec metus lorem, vulputate at sapien sit amet, auctor iaculis lorem. In vel hendrerit nisi. Vestibulum eget risus velit. Aliquam tristique libero at dui sodales, et placerat orci lobortis. Maecenas ipsum neque, elementum id dignissim et, imperdiet vitae mauris."
                },
                {
                    "id": 4,
                    "thumb": "/images/others/process-4.png",
                    "subtitle": "Step four",
                    "title": "Build",
                    "paragraph": "Donec metus lorem, vulputate at sapien sit amet, auctor iaculis lorem. In vel hendrerit nisi. Vestibulum eget risus velit. Aliquam tristique libero at dui sodales, et placerat orci lobortis. Maecenas ipsum neque, elementum id dignissim et, imperdiet vitae mauris."
                }
            ]
        }
    },
    {
        "image": "/images/icon/icon-41.png",
        "title": "Content writing",
        "description": "We design professional looking yet simple Logo. Our designs are search engine and user friendly.",
        "cate": "Business",
        "process": {
            "sectionSub": "Process",
            "sectionTitle": "Our logo design process",
            "para":"Our comprehensive logo design strategy ensures a perfectly crafted logo for your business.",
            "steps": [
                {
                    "thumb": "/images/others/process-1.png",
                    "subtitle": "Step One",
                    "title": "Discover",
                    "paragraph": "Donec metus lorem, vulputate at sapien sit amet, auctor iaculis lorem. In vel hendrerit nisi. Vestibulum eget risus velit. Aliquam tristique libero at dui sodales, et placerat orci lobortis. Maecenas ipsum neque, elementum id dignissim et, imperdiet vitae mauris."
                },
                {
                    "thumb": "/images/others/process-2.png",
                    "subtitle": "Step Two",
                    "title": "Prototype",
                    "paragraph": "Donec metus lorem, vulputate at sapien sit amet, auctor iaculis lorem. In vel hendrerit nisi. Vestibulum eget risus velit. Aliquam tristique libero at dui sodales, et placerat orci lobortis. Maecenas ipsum neque, elementum id dignissim et, imperdiet vitae mauris."
                },
                {
                    "thumb": "/images/others/process-3.png",
                    "subtitle": "Step Three",
                    "title": "Test",
                    "paragraph": "Donec metus lorem, vulputate at sapien sit amet, auctor iaculis lorem. In vel hendrerit nisi. Vestibulum eget risus velit. Aliquam tristique libero at dui sodales, et placerat orci lobortis. Maecenas ipsum neque, elementum id dignissim et, imperdiet vitae mauris."
                },
                {
                    "id": 4,
                    "thumb": "/images/others/process-4.png",
                    "subtitle": "Step four",
                    "title": "Build",
                    "paragraph": "Donec metus lorem, vulputate at sapien sit amet, auctor iaculis lorem. In vel hendrerit nisi. Vestibulum eget risus velit. Aliquam tristique libero at dui sodales, et placerat orci lobortis. Maecenas ipsum neque, elementum id dignissim et, imperdiet vitae mauris."
                }
            ]
        }
    },
    {
        "image": "/images/icon/icon-42.png",
        "title": "Reporting",
        "description": "We design professional looking yet simple Logo. Our designs are search engine and user friendly.",
        "cate": "Business",
        "process": {
            "sectionSub": "Process",
            "sectionTitle": "Our logo design process",
            "para":"Our comprehensive logo design strategy ensures a perfectly crafted logo for your business.",
            "steps": [
                {
                    "thumb": "/images/others/process-1.png",
                    "subtitle": "Step One",
                    "title": "Discover",
                    "paragraph": "Donec metus lorem, vulputate at sapien sit amet, auctor iaculis lorem. In vel hendrerit nisi. Vestibulum eget risus velit. Aliquam tristique libero at dui sodales, et placerat orci lobortis. Maecenas ipsum neque, elementum id dignissim et, imperdiet vitae mauris."
                },
                {
                    "thumb": "/images/others/process-2.png",
                    "subtitle": "Step Two",
                    "title": "Prototype",
                    "paragraph": "Donec metus lorem, vulputate at sapien sit amet, auctor iaculis lorem. In vel hendrerit nisi. Vestibulum eget risus velit. Aliquam tristique libero at dui sodales, et placerat orci lobortis. Maecenas ipsum neque, elementum id dignissim et, imperdiet vitae mauris."
                },
                {
                    "thumb": "/images/others/process-3.png",
                    "subtitle": "Step Three",
                    "title": "Test",
                    "paragraph": "Donec metus lorem, vulputate at sapien sit amet, auctor iaculis lorem. In vel hendrerit nisi. Vestibulum eget risus velit. Aliquam tristique libero at dui sodales, et placerat orci lobortis. Maecenas ipsum neque, elementum id dignissim et, imperdiet vitae mauris."
                },
                {
                    "id": 4,
                    "thumb": "/images/others/process-4.png",
                    "subtitle": "Step four",
                    "title": "Build",
                    "paragraph": "Donec metus lorem, vulputate at sapien sit amet, auctor iaculis lorem. In vel hendrerit nisi. Vestibulum eget risus velit. Aliquam tristique libero at dui sodales, et placerat orci lobortis. Maecenas ipsum neque, elementum id dignissim et, imperdiet vitae mauris."
                }
            ]
        }
    },
    {
        "image": "/images/icon/icon-43.png",
        "title": "Hosting",
        "description": "We design professional looking yet simple Logo. Our designs are search engine and user friendly.",
        "cate": "Technology",
        "process": {
            "sectionSub": "Process",
            "sectionTitle": "Our logo design process",
            "para":"Our comprehensive logo design strategy ensures a perfectly crafted logo for your business.",
            "steps": [
                {
                    "thumb": "/images/others/process-1.png",
                    "subtitle": "Step One",
                    "title": "Discover",
                    "paragraph": "Donec metus lorem, vulputate at sapien sit amet, auctor iaculis lorem. In vel hendrerit nisi. Vestibulum eget risus velit. Aliquam tristique libero at dui sodales, et placerat orci lobortis. Maecenas ipsum neque, elementum id dignissim et, imperdiet vitae mauris."
                },
                {
                    "thumb": "/images/others/process-2.png",
                    "subtitle": "Step Two",
                    "title": "Prototype",
                    "paragraph": "Donec metus lorem, vulputate at sapien sit amet, auctor iaculis lorem. In vel hendrerit nisi. Vestibulum eget risus velit. Aliquam tristique libero at dui sodales, et placerat orci lobortis. Maecenas ipsum neque, elementum id dignissim et, imperdiet vitae mauris."
                },
                {
                    "thumb": "/images/others/process-3.png",
                    "subtitle": "Step Three",
                    "title": "Test",
                    "paragraph": "Donec metus lorem, vulputate at sapien sit amet, auctor iaculis lorem. In vel hendrerit nisi. Vestibulum eget risus velit. Aliquam tristique libero at dui sodales, et placerat orci lobortis. Maecenas ipsum neque, elementum id dignissim et, imperdiet vitae mauris."
                },
                {
                    "id": 4,
                    "thumb": "/images/others/process-4.png",
                    "subtitle": "Step four",
                    "title": "Build",
                    "paragraph": "Donec metus lorem, vulputate at sapien sit amet, auctor iaculis lorem. In vel hendrerit nisi. Vestibulum eget risus velit. Aliquam tristique libero at dui sodales, et placerat orci lobortis. Maecenas ipsum neque, elementum id dignissim et, imperdiet vitae mauris."
                }
            ]
        }
    },
    {
        "image": "/images/icon/icon-44.png",
        "title": "Big data analysis",
        "description": "We design professional looking yet simple Logo. Our designs are search engine and user friendly.",
        "cate": "Technology",
        "process": {
            "sectionSub": "Process",
            "sectionTitle": "Our logo design process",
            "para":"Our comprehensive logo design strategy ensures a perfectly crafted logo for your business.",
            "steps": [
                {
                    "thumb": "/images/others/process-1.png",
                    "subtitle": "Step One",
                    "title": "Discover",
                    "paragraph": "Donec metus lorem, vulputate at sapien sit amet, auctor iaculis lorem. In vel hendrerit nisi. Vestibulum eget risus velit. Aliquam tristique libero at dui sodales, et placerat orci lobortis. Maecenas ipsum neque, elementum id dignissim et, imperdiet vitae mauris."
                },
                {
                    "thumb": "/images/others/process-2.png",
                    "subtitle": "Step Two",
                    "title": "Prototype",
                    "paragraph": "Donec metus lorem, vulputate at sapien sit amet, auctor iaculis lorem. In vel hendrerit nisi. Vestibulum eget risus velit. Aliquam tristique libero at dui sodales, et placerat orci lobortis. Maecenas ipsum neque, elementum id dignissim et, imperdiet vitae mauris."
                },
                {
                    "thumb": "/images/others/process-3.png",
                    "subtitle": "Step Three",
                    "title": "Test",
                    "paragraph": "Donec metus lorem, vulputate at sapien sit amet, auctor iaculis lorem. In vel hendrerit nisi. Vestibulum eget risus velit. Aliquam tristique libero at dui sodales, et placerat orci lobortis. Maecenas ipsum neque, elementum id dignissim et, imperdiet vitae mauris."
                },
                {
                    "id": 4,
                    "thumb": "/images/others/process-4.png",
                    "subtitle": "Step four",
                    "title": "Build",
                    "paragraph": "Donec metus lorem, vulputate at sapien sit amet, auctor iaculis lorem. In vel hendrerit nisi. Vestibulum eget risus velit. Aliquam tristique libero at dui sodales, et placerat orci lobortis. Maecenas ipsum neque, elementum id dignissim et, imperdiet vitae mauris."
                }
            ]
        }
    },
    {
        "image": "/images/icon/icon-45.png",
        "title": "Web Audit Practices",
        "description": "We design professional looking yet simple Logo. Our designs are search engine and user friendly.",
        "cate": "Content strategy",
        "process": {
            "sectionSub": "Process",
            "sectionTitle": "Our logo design process",
            "para":"Our comprehensive logo design strategy ensures a perfectly crafted logo for your business.",
            "steps": [
                {
                    "thumb": "/images/others/process-1.png",
                    "subtitle": "Step One",
                    "title": "Discover",
                    "paragraph": "Donec metus lorem, vulputate at sapien sit amet, auctor iaculis lorem. In vel hendrerit nisi. Vestibulum eget risus velit. Aliquam tristique libero at dui sodales, et placerat orci lobortis. Maecenas ipsum neque, elementum id dignissim et, imperdiet vitae mauris."
                },
                {
                    "thumb": "/images/others/process-2.png",
                    "subtitle": "Step Two",
                    "title": "Prototype",
                    "paragraph": "Donec metus lorem, vulputate at sapien sit amet, auctor iaculis lorem. In vel hendrerit nisi. Vestibulum eget risus velit. Aliquam tristique libero at dui sodales, et placerat orci lobortis. Maecenas ipsum neque, elementum id dignissim et, imperdiet vitae mauris."
                },
                {
                    "thumb": "/images/others/process-3.png",
                    "subtitle": "Step Three",
                    "title": "Test",
                    "paragraph": "Donec metus lorem, vulputate at sapien sit amet, auctor iaculis lorem. In vel hendrerit nisi. Vestibulum eget risus velit. Aliquam tristique libero at dui sodales, et placerat orci lobortis. Maecenas ipsum neque, elementum id dignissim et, imperdiet vitae mauris."
                },
                {
                    "id": 4,
                    "thumb": "/images/others/process-4.png",
                    "subtitle": "Step four",
                    "title": "Build",
                    "paragraph": "Donec metus lorem, vulputate at sapien sit amet, auctor iaculis lorem. In vel hendrerit nisi. Vestibulum eget risus velit. Aliquam tristique libero at dui sodales, et placerat orci lobortis. Maecenas ipsum neque, elementum id dignissim et, imperdiet vitae mauris."
                }
            ]
        }
    },
    {
        "image": "/images/icon/icon-46.png",
        "title": "Marketing Flexibility",
        "description": "We design professional looking yet simple Logo. Our designs are search engine and user friendly.",
        "cate": "Content strategy",
        "process": {
            "sectionSub": "Process",
            "sectionTitle": "Our logo design process",
            "para":"Our comprehensive logo design strategy ensures a perfectly crafted logo for your business.",
            "steps": [
                {
                    "thumb": "/images/others/process-1.png",
                    "subtitle": "Step One",
                    "title": "Discover",
                    "paragraph": "Donec metus lorem, vulputate at sapien sit amet, auctor iaculis lorem. In vel hendrerit nisi. Vestibulum eget risus velit. Aliquam tristique libero at dui sodales, et placerat orci lobortis. Maecenas ipsum neque, elementum id dignissim et, imperdiet vitae mauris."
                },
                {
                    "thumb": "/images/others/process-2.png",
                    "subtitle": "Step Two",
                    "title": "Prototype",
                    "paragraph": "Donec metus lorem, vulputate at sapien sit amet, auctor iaculis lorem. In vel hendrerit nisi. Vestibulum eget risus velit. Aliquam tristique libero at dui sodales, et placerat orci lobortis. Maecenas ipsum neque, elementum id dignissim et, imperdiet vitae mauris."
                },
                {
                    "thumb": "/images/others/process-3.png",
                    "subtitle": "Step Three",
                    "title": "Test",
                    "paragraph": "Donec metus lorem, vulputate at sapien sit amet, auctor iaculis lorem. In vel hendrerit nisi. Vestibulum eget risus velit. Aliquam tristique libero at dui sodales, et placerat orci lobortis. Maecenas ipsum neque, elementum id dignissim et, imperdiet vitae mauris."
                },
                {
                    "id": 4,
                    "thumb": "/images/others/process-4.png",
                    "subtitle": "Step four",
                    "title": "Build",
                    "paragraph": "Donec metus lorem, vulputate at sapien sit amet, auctor iaculis lorem. In vel hendrerit nisi. Vestibulum eget risus velit. Aliquam tristique libero at dui sodales, et placerat orci lobortis. Maecenas ipsum neque, elementum id dignissim et, imperdiet vitae mauris."
                }
            ]
        }
    },
    {
        "image": "/images/icon/icon-47.png",
        "title": "Advertising Strategy",
        "description": "We design professional looking yet simple Logo. Our designs are search engine and user friendly.",
        "cate": "Content strategy",
        "process": {
            "sectionSub": "Process",
            "sectionTitle": "Our logo design process",
            "para":"Our comprehensive logo design strategy ensures a perfectly crafted logo for your business.",
            "steps": [
                {
                    "thumb": "/images/others/process-1.png",
                    "subtitle": "Step One",
                    "title": "Discover",
                    "paragraph": "Donec metus lorem, vulputate at sapien sit amet, auctor iaculis lorem. In vel hendrerit nisi. Vestibulum eget risus velit. Aliquam tristique libero at dui sodales, et placerat orci lobortis. Maecenas ipsum neque, elementum id dignissim et, imperdiet vitae mauris."
                },
                {
                    "thumb": "/images/others/process-2.png",
                    "subtitle": "Step Two",
                    "title": "Prototype",
                    "paragraph": "Donec metus lorem, vulputate at sapien sit amet, auctor iaculis lorem. In vel hendrerit nisi. Vestibulum eget risus velit. Aliquam tristique libero at dui sodales, et placerat orci lobortis. Maecenas ipsum neque, elementum id dignissim et, imperdiet vitae mauris."
                },
                {
                    "thumb": "/images/others/process-3.png",
                    "subtitle": "Step Three",
                    "title": "Test",
                    "paragraph": "Donec metus lorem, vulputate at sapien sit amet, auctor iaculis lorem. In vel hendrerit nisi. Vestibulum eget risus velit. Aliquam tristique libero at dui sodales, et placerat orci lobortis. Maecenas ipsum neque, elementum id dignissim et, imperdiet vitae mauris."
                },
                {
                    "id": 4,
                    "thumb": "/images/others/process-4.png",
                    "subtitle": "Step four",
                    "title": "Build",
                    "paragraph": "Donec metus lorem, vulputate at sapien sit amet, auctor iaculis lorem. In vel hendrerit nisi. Vestibulum eget risus velit. Aliquam tristique libero at dui sodales, et placerat orci lobortis. Maecenas ipsum neque, elementum id dignissim et, imperdiet vitae mauris."
                }
            ]
        }
    }
    
]
